{
  "feature_names": [
    "trend_sma",
    "trend_ema",
    "rsi",
    "macd_hist",
    "bb_pos",
    "vol_ratio",
    "supertrend",
    "ret_5",
    "ret_20",
    "ret_60",
    "ret_120",
    "dist_high",
    "ma_gap",
    "atr_pct",
    "news"
  ],
  "weights": [
    -0.029891711375927322,
    0.006473656966816635,
    0.10134692712849823,
    0.014258025811080911,
    0.023439507115183313,
    -0.004741323125065773,
    -0.051323748299892634,
    -0.0333865017075756,
    0.022792513120718175,
    -0.009398153823888287,
    0.10496755909413456,
    -0.008930194318918325,
    -0.10237643762454798,
    0.09134808572089051,
    0.0
  ],
  "bias": 0.5376319421047001,
  "mean": [
    0.30303755082516143,
    0.17465632509880297,
    0.06533784939255104,
    0.02247127025888088,
    0.11091431262592118,
    -0.008223296679894515,
    0.1348162321613649,
    0.005325212585966924,
    0.021437581781017026,
    0.06288116355421024,
    0.11563465498462856,
    -0.1288096509575689,
    0.02145099317591456,
    0.02756314528674812,
    0.0
  ],
  "std": [
    0.8941551564854961,
    0.9846294572594206,
    0.2498960997392742,
    0.9955119854667955,
    0.6220273185997627,
    0.3856129062550597,
    0.9908706189739471,
    0.05093494000787384,
    0.10480532203940868,
    0.1898673395570495,
    0.2720211155336875,
    0.12999553260226043,
    0.09300196231914229,
    0.013225879148721559,
    1.0
  ],
  "meta": {
    "trained_at": "2026-07-12T22:09:59.532798+00:00",
    "horizon": 60,
    "symbols": 53,
    "n_train": 87801,
    "n_test": 39030,
    "accuracy": 0.5924,
    "auc": 0.5331,
    "brier": 0.2419,
    "baseline_accuracy": 0.5458,
    "weights": {
      "trend_sma": -0.0299,
      "trend_ema": 0.0065,
      "rsi": 0.1013,
      "macd_hist": 0.0143,
      "bb_pos": 0.0234,
      "vol_ratio": -0.0047,
      "supertrend": -0.0513,
      "ret_5": -0.0334,
      "ret_20": 0.0228,
      "ret_60": -0.0094,
      "ret_120": 0.105,
      "dist_high": -0.0089,
      "ma_gap": -0.1024,
      "atr_pct": 0.0913,
      "news": 0.0
    }
  }
}